﻿Code,License Type,Indicator Name,Long definition,Source,Topic,Periodicity,Aggregation method,Statistical concept and methodology,Limitations and exceptions,Notes from original source
SH.TBS.DTEC.ZS,CC BY-4.0,"Tuberculosis case detection rate (%, all forms)","Tuberculosis case detection rate (all forms) is the number of new and relapse tuberculosis cases notified to WHO in a given year, divided by WHO's estimate of the number of incident tuberculosis cases for the same year, expressed as a percentage. Estimates for all years are recalculated as new information becomes available and techniques are refined, so they may differ from those published previously.","World Health Organization, Global Tuberculosis Report.",Health: Disease prevention,Annual,Weighted average,"Tuberculosis is one of the main causes of adult deaths from a single infectious agent in developing countries. This indicator shows the tuberculosis detection rate for all detection methods. Editions before 2010 included the tuberculosis detection rates by DOTS, the internationally recommended strategy for tuberculosis control. Thus data on the case detection rate from 2010 onward cannot be compared with data in previous editions.",,"Estimates are presented with uncertainty intervals (see footnote). When ranges are presented, the lower and higher numbers correspond to the 2.5th and 97.5th centiles of the outcome distributions (generally produced by simulations). For more detailed information, see the original source."
SH.TBS.CURE.ZS,CC BY-4.0,Tuberculosis treatment success rate (% of new cases),"Tuberculosis treatment success rate is the percentage of all new tuberculosis cases (or new and relapse cases for some countries) registered under a national tuberculosis control programme in a given year that successfully completed treatment, with or without bacteriological evidence of success ("cured" and "treatment completed" respectively).","World Health Organization, Global Tuberculosis Report.",Health: Disease prevention,Annual,Weighted average,"Tuberculosis is one of the main causes of adult deaths from a single infectious agent in developing countries. Data on the success rate of tuberculosis treatment are provided for countries that have submitted data to the WHO. The treatment success rate for tuberculosis provides a useful indicator of the quality of health services. A low rate suggests that infectious patients may not be receiving adequate treatment. An important complement to the tuberculosis treatment success rate is the case detection rate, which indicates whether there is adequate coverage by the recommended case detection and treatment strategy.",,
SH.TBS.MORT,CC BY-4.0,"Tuberculosis death rate (per 100,000 people)","Tuberculosis death rate is the estimated number of deaths from tuberculosis among HIV-negative people, expressed as the rate per 100,000 population. Estimates for all years are recalculated as new information becomes available and techniques are refined, so they may differ from those published previously.","World Health Organization, Global Tuberculosis Report.",Health: Mortality,Annual,Weighted average,,,"Estimates are presented with uncertainty intervals (see footnote). When ranges are presented, the lower and higher numbers correspond to the 2.5th and 97.5th centiles of the outcome distributions (generally produced by simulations). For more detailed information, see the original source."
SH.TBS.INCD,CC BY-4.0,"Incidence of tuberculosis (per 100,000 people)","Incidence of tuberculosis is the estimated number of new and relapse tuberculosis cases arising in a given year, expressed as the rate per 100,000 population. All forms of TB are included, including cases in people living with HIV. Estimates for all years are recalculated as new information becomes available and techniques are refined, so they may differ from those published previously.","World Health Organization, Global Tuberculosis Report.",Health: Risk factors,Annual,Weighted average,"Tuberculosis is one of the main causes of adult deaths from a single infectious agent in developing countries. In developed countries tuberculosis has reemerged largely as a result of cases among immigrants. Since tuberculosis incidence cannot be directly measured, estimates are obtained by eliciting expert opinion or are derived from measurements of prevalence or mortality.","The limited availability of data on health status is a major constraint in assessing the health situation in developing countries. Surveillance data are lacking for many major public health concerns. Estimates of prevalence and incidence are available for some diseases but are often unreliable and incomplete. National health authorities differ widely in capacity and willingness to collect or report information. To compensate for this and improve reliability and international comparability, the World Health Organization (WHO) prepares estimates in accordance with epidemiological models and statistical standards.

Uncertainty bounds for the incidence are available at http://data.worldbank.org","Estimates are presented with uncertainty intervals (see footnote). When ranges are presented, the lower and higher numbers correspond to the 2.5th and 97.5th centiles of the outcome distributions (generally produced by simulations). For more detailed information, see the original source."
